ID,Verse,Abdullah Yusuf Ali,tag_1,tag_2,reasoning
4|158,بَل رَّفَعَهُ ٱللَّهُ إِلَيْهِ ۚ وَكَانَ ٱللَّهُ عَزِيزًا حَكِيمًۭا ١٥٨,"Nay, Allah raised him up unto Himself; and Allah is Exalted in Power, Wise;-",,,
4|159,وَإِن مِّنْ أَهْلِ ٱلْكِتَٰبِ إِلَّا لَيُؤْمِنَنَّ بِهِۦ قَبْلَ مَوْتِهِۦ ۖ وَيَوْمَ ٱلْقِيَٰمَةِ يَكُونُ عَلَيْهِمْ شَهِيدًۭا ١٥٩,And there is none of the People of the Book but must believe in him before his death; and on the Day of Judgment he will be a witness against them;-,,,
4|160,فَبِظُلْمٍۢ مِّنَ ٱلَّذِينَ هَادُوا۟ حَرَّمْنَا عَلَيْهِمْ طَيِّبَٰتٍ أُحِلَّتْ لَهُمْ وَبِصَدِّهِمْ عَن سَبِيلِ ٱللَّهِ كَثِيرًۭا ١٦٠,For the iniquity of the Jews We made unlawful for them certain (foods) good and wholesome which had been lawful for them;- in that they hindered many from Allah's Way;-,,,
4|161,وَأَخْذِهِمُ ٱلرِّبَوٰا۟ وَقَدْ نُهُوا۟ عَنْهُ وَأَكْلِهِمْ أَمْوَٰلَ ٱلنَّاسِ بِٱلْبَٰطِلِ ۚ وَأَعْتَدْنَا لِلْكَٰفِرِينَ مِنْهُمْ عَذَابًا أَلِيمًۭا ١٦١,"That they took usury, though they were forbidden; and that they devoured men's substance wrongfully;- we have prepared for those among them who reject faith a grievous punishment.",,,
4|162,لَّٰكِنِ ٱلرَّٰسِخُونَ فِى ٱلْعِلْمِ مِنْهُمْ وَٱلْمُؤْمِنُونَ يُؤْمِنُونَ بِمَآ أُنزِلَ إِلَيْكَ وَمَآ أُنزِلَ مِن قَبْلِكَ ۚ وَٱلْمُقِيمِينَ ٱلصَّلَوٰةَ ۚ وَٱلْمُؤْتُونَ ٱلزَّكَوٰةَ وَٱلْمُؤْمِنُونَ بِٱللَّهِ وَٱلْيَوْمِ ٱلْءَاخِرِ أُو۟لَٰٓئِكَ سَنُؤْتِيهِمْ أَجْرًا عَظِيمًا ١٦٢,"But those among them who are well-grounded in knowledge, and the believers, believe in what hath been revealed to thee and what was revealed before thee: And (especially) those who establish regular prayer and practise regular charity and believe in Allah and in the Last Day: To them shall We soon give a great reward.",,,
4|163,۞ إِنَّآ أَوْحَيْنَآ إِلَيْكَ كَمَآ أَوْحَيْنَآ إِلَىٰ نُوحٍۢ وَٱلنَّبِيِّۦنَ مِنۢ بَعْدِهِۦ ۚ وَأَوْحَيْنَآ إِلَىٰٓ إِبْرَٰهِيمَ وَإِسْمَٰعِيلَ وَإِسْحَٰقَ وَيَعْقُوبَ وَٱلْأَسْبَاطِ وَعِيسَىٰ وَأَيُّوبَ وَيُونُسَ وَهَٰرُونَ وَسُلَيْمَٰنَ ۚ وَءَاتَيْنَا دَاوُۥدَ زَبُورًۭا ١٦٣,"We have sent thee inspiration, as We sent it to Noah and the Messengers after him: we sent inspiration to Abraham, Isma'il, Isaac, Jacob and the Tribes, to Jesus, Job, Jonah, Aaron, and solomon, and to David We gave the Psalms.",,,
4|164,وَرُسُلًۭا قَدْ قَصَصْنَٰهُمْ عَلَيْكَ مِن قَبْلُ وَرُسُلًۭا لَّمْ نَقْصُصْهُمْ عَلَيْكَ ۚ وَكَلَّمَ ٱللَّهُ مُوسَىٰ تَكْلِيمًۭا ١٦٤,Of some messengers We have already told thee the story; of others We have not;- and to Moses Allah spoke direct;-,,,
4|165,رُّسُلًۭا مُّبَشِّرِينَ وَمُنذِرِينَ لِئَلَّا يَكُونَ لِلنَّاسِ عَلَى ٱللَّهِ حُجَّةٌۢ بَعْدَ ٱلرُّسُلِ ۚ وَكَانَ ٱللَّهُ عَزِيزًا حَكِيمًۭا ١٦٥,"Messengers who gave good news as well as warning, that mankind, after (the coming) of the messengers, should have no plea against Allah: For Allah is Exalted in Power, Wise.",,,
4|166,لَّٰكِنِ ٱللَّهُ يَشْهَدُ بِمَآ أَنزَلَ إِلَيْكَ ۖ أَنزَلَهُۥ بِعِلْمِهِۦ ۖ وَٱلْمَلَٰٓئِكَةُ يَشْهَدُونَ ۚ وَكَفَىٰ بِٱللَّهِ شَهِيدًا ١٦٦,"But Allah beareth witness that what He hath sent unto thee He hath sent from His (own) knowledge, and the angels bear witness: But enough is Allah for a witness.",,,
4|167,إِنَّ ٱلَّذِينَ كَفَرُوا۟ وَصَدُّوا۟ عَن سَبِيلِ ٱللَّهِ قَدْ ضَلُّوا۟ ضَلَٰلًۢا بَعِيدًا ١٦٧,"Those who reject Faith and keep off (men) from the way of Allah, have verily strayed far, far away from the Path.",,,
4|168,إِنَّ ٱلَّذِينَ كَفَرُوا۟ وَظَلَمُوا۟ لَمْ يَكُنِ ٱللَّهُ لِيَغْفِرَ لَهُمْ وَلَا لِيَهْدِيَهُمْ طَرِيقًا ١٦٨,"Those who reject Faith and do wrong,- Allah will not forgive them nor guide them to any way-",,,
4|169,إِلَّا طَرِيقَ جَهَنَّمَ خَٰلِدِينَ فِيهَآ أَبَدًۭا ۚ وَكَانَ ذَٰلِكَ عَلَى ٱللَّهِ يَسِيرًۭا ١٦٩,"Except the way of Hell, to dwell therein for ever. And this to Allah is easy.",,,
4|170,يَٰٓأَيُّهَا ٱلنَّاسُ قَدْ جَآءَكُمُ ٱلرَّسُولُ بِٱلْحَقِّ مِن رَّبِّكُمْ فَـَٔامِنُوا۟ خَيْرًۭا لَّكُمْ ۚ وَإِن تَكْفُرُوا۟ فَإِنَّ لِلَّهِ مَا فِى ٱلسَّمَٰوَٰتِ وَٱلْأَرْضِ ۚ وَكَانَ ٱللَّهُ عَلِيمًا حَكِيمًۭا ١٧٠,"O Mankind! The Messenger hath come to you in truth from Allah: believe in him: It is best for you. But if ye reject Faith, to Allah belong all things in the heavens and on earth: And Allah is All-knowing, All-wise.",,,
4|171,يَٰٓأَهْلَ ٱلْكِتَٰبِ لَا تَغْلُوا۟ فِى دِينِكُمْ وَلَا تَقُولُوا۟ عَلَى ٱللَّهِ إِلَّا ٱلْحَقَّ ۚ إِنَّمَا ٱلْمَسِيحُ عِيسَى ٱبْنُ مَرْيَمَ رَسُولُ ٱللَّهِ وَكَلِمَتُهُۥٓ أَلْقَىٰهَآ إِلَىٰ مَرْيَمَ وَرُوحٌۭ مِّنْهُ ۖ فَـَٔامِنُوا۟ بِٱللَّهِ وَرُسُلِهِۦ ۖ وَلَا تَقُولُوا۟ ثَلَٰثَةٌ ۚ ٱنتَهُوا۟ خَيْرًۭا لَّكُمْ ۚ إِنَّمَا ٱللَّهُ إِلَٰهٌۭ وَٰحِدٌۭ ۖ سُبْحَٰنَهُۥٓ أَن يَكُونَ لَهُۥ وَلَدٌۭ ۘ لَّهُۥ مَا فِى ٱلسَّمَٰوَٰتِ وَمَا فِى ٱلْأَرْضِ ۗ وَكَفَىٰ بِٱللَّهِ وَكِيلًۭا ١٧١,"O People of the Book! Commit no excesses in your religion: Nor say of Allah aught but the truth. Christ Jesus the son of Mary was (no more than) a messenger of Allah, and His Word, which He bestowed on Mary, and a spirit proceeding from Him: so believe in Allah and His messengers. Say not ""Trinity"": desist: it will be better for you: for Allah is one Allah: Glory be to Him: (far exalted is He) above having a son. To Him belong all things in the heavens and on earth. And enough is Allah as a Disposer of affairs.",,,
4|172,لَّن يَسْتَنكِفَ ٱلْمَسِيحُ أَن يَكُونَ عَبْدًۭا لِّلَّهِ وَلَا ٱلْمَلَٰٓئِكَةُ ٱلْمُقَرَّبُونَ ۚ وَمَن يَسْتَنكِفْ عَنْ عِبَادَتِهِۦ وَيَسْتَكْبِرْ فَسَيَحْشُرُهُمْ إِلَيْهِ جَمِيعًۭا ١٧٢,"Christ disdaineth nor to serve and worship Allah, nor do the angels, those nearest (to Allah): those who disdain His worship and are arrogant,-He will gather them all together unto Himself to (answer).",,,
4|173,فَأَمَّا ٱلَّذِينَ ءَامَنُوا۟ وَعَمِلُوا۟ ٱلصَّٰلِحَٰتِ فَيُوَفِّيهِمْ أُجُورَهُمْ وَيَزِيدُهُم مِّن فَضْلِهِۦ ۖ وَأَمَّا ٱلَّذِينَ ٱسْتَنكَفُوا۟ وَٱسْتَكْبَرُوا۟ فَيُعَذِّبُهُمْ عَذَابًا أَلِيمًۭا وَلَا يَجِدُونَ لَهُم مِّن دُونِ ٱللَّهِ وَلِيًّۭا وَلَا نَصِيرًۭا ١٧٣,"But to those who believe and do deeds of righteousness, He will give their (due) rewards,- and more, out of His bounty: But those who are disdainful and arrogant, He will punish with a grievous penalty; Nor will they find, besides Allah, any to protect or help them.",,,
4|174,يَٰٓأَيُّهَا ٱلنَّاسُ قَدْ جَآءَكُم بُرْهَٰنٌۭ مِّن رَّبِّكُمْ وَأَنزَلْنَآ إِلَيْكُمْ نُورًۭا مُّبِينًۭا ١٧٤,O mankind! verily there hath come to you a convincing proof from your Lord: For We have sent unto you a light (that is) manifest.,,,
4|175,فَأَمَّا ٱلَّذِينَ ءَامَنُوا۟ بِٱللَّهِ وَٱعْتَصَمُوا۟ بِهِۦ فَسَيُدْخِلُهُمْ فِى رَحْمَةٍۢ مِّنْهُ وَفَضْلٍۢ وَيَهْدِيهِمْ إِلَيْهِ صِرَٰطًۭا مُّسْتَقِيمًۭا ١٧٥,"Then those who believe in Allah, and hold fast to Him,- soon will He admit them to mercy and grace from Himself, and guide them to Himself by a straight way.",,,
4|176,يَسْتَفْتُونَكَ قُلِ ٱللَّهُ يُفْتِيكُمْ فِى ٱلْكَلَٰلَةِ ۚ إِنِ ٱمْرُؤٌا۟ هَلَكَ لَيْسَ لَهُۥ وَلَدٌۭ وَلَهُۥٓ أُخْتٌۭ فَلَهَا نِصْفُ مَا تَرَكَ ۚ وَهُوَ يَرِثُهَآ إِن لَّمْ يَكُن لَّهَا وَلَدٌۭ ۚ فَإِن كَانَتَا ٱثْنَتَيْنِ فَلَهُمَا ٱلثُّلُثَانِ مِمَّا تَرَكَ ۚ وَإِن كَانُوٓا۟ إِخْوَةًۭ رِّجَالًۭا وَنِسَآءًۭ فَلِلذَّكَرِ مِثْلُ حَظِّ ٱلْأُنثَيَيْنِ ۗ يُبَيِّنُ ٱللَّهُ لَكُمْ أَن تَضِلُّوا۟ ۗ وَٱللَّهُ بِكُلِّ شَىْءٍ عَلِيمٌۢ ١٧٦,"They ask thee for a legal decision. Say: Allah directs (thus) about those who leave no descendants or ascendants as heirs. If it is a man that dies, leaving a sister but no child, she shall have half the inheritance: If (such a deceased was) a woman, who left no child, Her brother takes her inheritance: If there are two sisters, they shall have two-thirds of the inheritance (between them): if there are brothers and sisters, (they share), the male having twice the share of the female. Thus doth Allah make clear to you (His law), lest ye err. And Allah hath knowledge of all things.",,,
5|1,يَٰٓأَيُّهَا ٱلَّذِينَ ءَامَنُوٓا۟ أَوْفُوا۟ بِٱلْعُقُودِ ۚ أُحِلَّتْ لَكُم بَهِيمَةُ ٱلْأَنْعَٰمِ إِلَّا مَا يُتْلَىٰ عَلَيْكُمْ غَيْرَ مُحِلِّى ٱلصَّيْدِ وَأَنتُمْ حُرُمٌ ۗ إِنَّ ٱللَّهَ يَحْكُمُ مَا يُرِيدُ ١,"O ye who believe! fulfil (all) obligations. Lawful unto you (for food) are all four-footed animals, with the exceptions named: But animals of the chase are forbidden while ye are in the sacred precincts or in pilgrim garb: for Allah doth command according to His will and plan.",,,
5|2,يَٰٓأَيُّهَا ٱلَّذِينَ ءَامَنُوا۟ لَا تُحِلُّوا۟ شَعَٰٓئِرَ ٱللَّهِ وَلَا ٱلشَّهْرَ ٱلْحَرَامَ وَلَا ٱلْهَدْىَ وَلَا ٱلْقَلَٰٓئِدَ وَلَآ ءَآمِّينَ ٱلْبَيْتَ ٱلْحَرَامَ يَبْتَغُونَ فَضْلًۭا مِّن رَّبِّهِمْ وَرِضْوَٰنًۭا ۚ وَإِذَا حَلَلْتُمْ فَٱصْطَادُوا۟ ۚ وَلَا يَجْرِمَنَّكُمْ شَنَـَٔانُ قَوْمٍ أَن صَدُّوكُمْ عَنِ ٱلْمَسْجِدِ ٱلْحَرَامِ أَن تَعْتَدُوا۟ ۘ وَتَعَاوَنُوا۟ عَلَى ٱلْبِرِّ وَٱلتَّقْوَىٰ ۖ وَلَا تَعَاوَنُوا۟ عَلَى ٱلْإِثْمِ وَٱلْعُدْوَٰنِ ۚ وَٱتَّقُوا۟ ٱللَّهَ ۖ إِنَّ ٱللَّهَ شَدِيدُ ٱلْعِقَابِ ٢,"O ye who believe! Violate not the sanctity of the symbols of Allah, nor of the sacred month, nor of the animals brought for sacrifice, nor the garlands that mark out such animals, nor the people resorting to the sacred house, seeking of the bounty and good pleasure of their Lord. But when ye are clear of the sacred precincts and of pilgrim garb, ye may hunt and let not the hatred of some people in (once) shutting you out of the Sacred Mosque lead you to transgression (and hostility on your part). Help ye one another in righteousness and piety, but help ye not one another in sin and rancour: fear Allah: for Allah is strict in punishment.",,,
5|3,حُرِّمَتْ عَلَيْكُمُ ٱلْمَيْتَةُ وَٱلدَّمُ وَلَحْمُ ٱلْخِنزِيرِ وَمَآ أُهِلَّ لِغَيْرِ ٱللَّهِ بِهِۦ وَٱلْمُنْخَنِقَةُ وَٱلْمَوْقُوذَةُ وَٱلْمُتَرَدِّيَةُ وَٱلنَّطِيحَةُ وَمَآ أَكَلَ ٱلسَّبُعُ إِلَّا مَا ذَكَّيْتُمْ وَمَا ذُبِحَ عَلَى ٱلنُّصُبِ وَأَن تَسْتَقْسِمُوا۟ بِٱلْأَزْلَٰمِ ۚ ذَٰلِكُمْ فِسْقٌ ۗ ٱلْيَوْمَ يَئِسَ ٱلَّذِينَ كَفَرُوا۟ مِن دِينِكُمْ فَلَا تَخْشَوْهُمْ وَٱخْشَوْنِ ۚ ٱلْيَوْمَ أَكْمَلْتُ لَكُمْ دِينَكُمْ وَأَتْمَمْتُ عَلَيْكُمْ نِعْمَتِى وَرَضِيتُ لَكُمُ ٱلْإِسْلَٰمَ دِينًۭا ۚ فَمَنِ ٱضْطُرَّ فِى مَخْمَصَةٍ غَيْرَ مُتَجَانِفٍۢ لِّإِثْمٍۢ ۙ فَإِنَّ ٱللَّهَ غَفُورٌۭ رَّحِيمٌۭ ٣,"Forbidden to you (for food) are: dead meat, blood, the flesh of swine, and that on which hath been invoked the name of other than Allah; that which hath been killed by strangling, or by a violent blow, or by a headlong fall, or by being gored to death; that which hath been (partly) eaten by a wild animal; unless ye are able to slaughter it (in due form); that which is sacrificed on stone (altars); (forbidden) also is the division (of meat) by raffling with arrows: that is impiety. This day have those who reject faith given up all hope of your religion: yet fear them not but fear Me. This day have I perfected your religion for you, completed My favour upon you, and have chosen for you Islam as your religion. But if any is forced by hunger, with no inclination to transgression, Allah is indeed Oft-forgiving, Most Merciful.",,,
5|4,يَسْـَٔلُونَكَ مَاذَآ أُحِلَّ لَهُمْ ۖ قُلْ أُحِلَّ لَكُمُ ٱلطَّيِّبَٰتُ ۙ وَمَا عَلَّمْتُم مِّنَ ٱلْجَوَارِحِ مُكَلِّبِينَ تُعَلِّمُونَهُنَّ مِمَّا عَلَّمَكُمُ ٱللَّهُ ۖ فَكُلُوا۟ مِمَّآ أَمْسَكْنَ عَلَيْكُمْ وَٱذْكُرُوا۟ ٱسْمَ ٱللَّهِ عَلَيْهِ ۖ وَٱتَّقُوا۟ ٱللَّهَ ۚ إِنَّ ٱللَّهَ سَرِيعُ ٱلْحِسَابِ ٤,"They ask thee what is lawful to them (as food). Say: lawful unto you are (all) things good and pure: and what ye have taught your trained hunting animals (to catch) in the manner directed to you by Allah: eat what they catch for you, but pronounce the name of Allah over it: and fear Allah; for Allah is swift in taking account.",,,
5|5,ٱلْيَوْمَ أُحِلَّ لَكُمُ ٱلطَّيِّبَٰتُ ۖ وَطَعَامُ ٱلَّذِينَ أُوتُوا۟ ٱلْكِتَٰبَ حِلٌّۭ لَّكُمْ وَطَعَامُكُمْ حِلٌّۭ لَّهُمْ ۖ وَٱلْمُحْصَنَٰتُ مِنَ ٱلْمُؤْمِنَٰتِ وَٱلْمُحْصَنَٰتُ مِنَ ٱلَّذِينَ أُوتُوا۟ ٱلْكِتَٰبَ مِن قَبْلِكُمْ إِذَآ ءَاتَيْتُمُوهُنَّ أُجُورَهُنَّ مُحْصِنِينَ غَيْرَ مُسَٰفِحِينَ وَلَا مُتَّخِذِىٓ أَخْدَانٍۢ ۗ وَمَن يَكْفُرْ بِٱلْإِيمَٰنِ فَقَدْ حَبِطَ عَمَلُهُۥ وَهُوَ فِى ٱلْءَاخِرَةِ مِنَ ٱلْخَٰسِرِينَ ٥,"This day are (all) things good and pure made lawful unto you. The food of the People of the Book is lawful unto you and yours is lawful unto them. (Lawful unto you in marriage) are (not only) chaste women who are believers, but chaste women among the People of the Book, revealed before your time,- when ye give them their due dowers, and desire chastity, not lewdness, nor secret intrigues if any one rejects faith, fruitless is his work, and in the Hereafter he will be in the ranks of those who have lost (all spiritual good).",,,
5|6,يَٰٓأَيُّهَا ٱلَّذِينَ ءَامَنُوٓا۟ إِذَا قُمْتُمْ إِلَى ٱلصَّلَوٰةِ فَٱغْسِلُوا۟ وُجُوهَكُمْ وَأَيْدِيَكُمْ إِلَى ٱلْمَرَافِقِ وَٱمْسَحُوا۟ بِرُءُوسِكُمْ وَأَرْجُلَكُمْ إِلَى ٱلْكَعْبَيْنِ ۚ وَإِن كُنتُمْ جُنُبًۭا فَٱطَّهَّرُوا۟ ۚ وَإِن كُنتُم مَّرْضَىٰٓ أَوْ عَلَىٰ سَفَرٍ أَوْ جَآءَ أَحَدٌۭ مِّنكُم مِّنَ ٱلْغَآئِطِ أَوْ لَٰمَسْتُمُ ٱلنِّسَآءَ فَلَمْ تَجِدُوا۟ مَآءًۭ فَتَيَمَّمُوا۟ صَعِيدًۭا طَيِّبًۭا فَٱمْسَحُوا۟ بِوُجُوهِكُمْ وَأَيْدِيكُم مِّنْهُ ۚ مَا يُرِيدُ ٱللَّهُ لِيَجْعَلَ عَلَيْكُم مِّنْ حَرَجٍۢ وَلَٰكِن يُرِيدُ لِيُطَهِّرَكُمْ وَلِيُتِمَّ نِعْمَتَهُۥ عَلَيْكُمْ لَعَلَّكُمْ تَشْكُرُونَ ٦,"O ye who believe! when ye prepare for prayer, wash your faces, and your hands (and arms) to the elbows; Rub your heads (with water); and (wash) your feet to the ankles. If ye are in a state of ceremonial impurity, bathe your whole body. But if ye are ill, or on a journey, or one of you cometh from offices of nature, or ye have been in contact with women, and ye find no water, then take for yourselves clean sand or earth, and rub therewith your faces and hands, Allah doth not wish to place you in a difficulty, but to make you clean, and to complete his favour to you, that ye may be grateful.",,,
5|7,وَٱذْكُرُوا۟ نِعْمَةَ ٱللَّهِ عَلَيْكُمْ وَمِيثَٰقَهُ ٱلَّذِى وَاثَقَكُم بِهِۦٓ إِذْ قُلْتُمْ سَمِعْنَا وَأَطَعْنَا ۖ وَٱتَّقُوا۟ ٱللَّهَ ۚ إِنَّ ٱللَّهَ عَلِيمٌۢ بِذَاتِ ٱلصُّدُورِ ٧,"And call in remembrance the favour of Allah unto you, and His covenant, which He ratified with you, when ye said: ""We hear and we obey"": And fear Allah, for Allah knoweth well the secrets of your hearts.",,,
5|8,يَٰٓأَيُّهَا ٱلَّذِينَ ءَامَنُوا۟ كُونُوا۟ قَوَّٰمِينَ لِلَّهِ شُهَدَآءَ بِٱلْقِسْطِ ۖ وَلَا يَجْرِمَنَّكُمْ شَنَـَٔانُ قَوْمٍ عَلَىٰٓ أَلَّا تَعْدِلُوا۟ ۚ ٱعْدِلُوا۟ هُوَ أَقْرَبُ لِلتَّقْوَىٰ ۖ وَٱتَّقُوا۟ ٱللَّهَ ۚ إِنَّ ٱللَّهَ خَبِيرٌۢ بِمَا تَعْمَلُونَ ٨,"O ye who believe! stand out firmly for Allah, as witnesses to fair dealing, and let not the hatred of others to you make you swerve to wrong and depart from justice. Be just: that is next to piety: and fear Allah. For Allah is well-acquainted with all that ye do.",,,
5|9,وَعَدَ ٱللَّهُ ٱلَّذِينَ ءَامَنُوا۟ وَعَمِلُوا۟ ٱلصَّٰلِحَٰتِ ۙ لَهُم مَّغْفِرَةٌۭ وَأَجْرٌ عَظِيمٌۭ ٩,To those who believe and do deeds of righteousness hath Allah promised forgiveness and a great reward.,,,
5|10,وَٱلَّذِينَ كَفَرُوا۟ وَكَذَّبُوا۟ بِـَٔايَٰتِنَآ أُو۟لَٰٓئِكَ أَصْحَٰبُ ٱلْجَحِيمِ ١٠,Those who reject faith and deny our signs will be companions of Hell-fire.,,,
5|11,يَٰٓأَيُّهَا ٱلَّذِينَ ءَامَنُوا۟ ٱذْكُرُوا۟ نِعْمَتَ ٱللَّهِ عَلَيْكُمْ إِذْ هَمَّ قَوْمٌ أَن يَبْسُطُوٓا۟ إِلَيْكُمْ أَيْدِيَهُمْ فَكَفَّ أَيْدِيَهُمْ عَنكُمْ ۖ وَٱتَّقُوا۟ ٱللَّهَ ۚ وَعَلَى ٱللَّهِ فَلْيَتَوَكَّلِ ٱلْمُؤْمِنُونَ ١١,"O ye who believe! Call in remembrance the favour of Allah unto you when certain men formed the design to stretch out their hands against you, but (Allah) held back their hands from you: so fear Allah. And on Allah let believers put (all) their trust.",,,
5|12,۞ وَلَقَدْ أَخَذَ ٱللَّهُ مِيثَٰقَ بَنِىٓ إِسْرَٰٓءِيلَ وَبَعَثْنَا مِنْهُمُ ٱثْنَىْ عَشَرَ نَقِيبًۭا ۖ وَقَالَ ٱللَّهُ إِنِّى مَعَكُمْ ۖ لَئِنْ أَقَمْتُمُ ٱلصَّلَوٰةَ وَءَاتَيْتُمُ ٱلزَّكَوٰةَ وَءَامَنتُم بِرُسُلِى وَعَزَّرْتُمُوهُمْ وَأَقْرَضْتُمُ ٱللَّهَ قَرْضًا حَسَنًۭا لَّأُكَفِّرَنَّ عَنكُمْ سَيِّـَٔاتِكُمْ وَلَأُدْخِلَنَّكُمْ جَنَّٰتٍۢ تَجْرِى مِن تَحْتِهَا ٱلْأَنْهَٰرُ ۚ فَمَن كَفَرَ بَعْدَ ذَٰلِكَ مِنكُمْ فَقَدْ ضَلَّ سَوَآءَ ٱلسَّبِيلِ ١٢,"Allah did aforetime take a covenant from the Children of Israel, and we appointed twelve captains among them. And Allah said: ""I am with you: if ye (but) establish regular prayers, practise regular charity, believe in my messengers, honour and assist them, and loan to Allah a beautiful loan, verily I will wipe out from you your evils, and admit you to gardens with rivers flowing beneath; but if any of you, after this, resisteth faith, he hath truly wandered from the path or rectitude.""",,,
5|13,فَبِمَا نَقْضِهِم مِّيثَٰقَهُمْ لَعَنَّٰهُمْ وَجَعَلْنَا قُلُوبَهُمْ قَٰسِيَةًۭ ۖ يُحَرِّفُونَ ٱلْكَلِمَ عَن مَّوَاضِعِهِۦ ۙ وَنَسُوا۟ حَظًّۭا مِّمَّا ذُكِّرُوا۟ بِهِۦ ۚ وَلَا تَزَالُ تَطَّلِعُ عَلَىٰ خَآئِنَةٍۢ مِّنْهُمْ إِلَّا قَلِيلًۭا مِّنْهُمْ ۖ فَٱعْفُ عَنْهُمْ وَٱصْفَحْ ۚ إِنَّ ٱللَّهَ يُحِبُّ ٱلْمُحْسِنِينَ ١٣,"But because of their breach of their covenant, We cursed them, and made their hearts grow hard; they change the words from their (right) places and forget a good part of the message that was sent them, nor wilt thou cease to find them- barring a few - ever bent on (new) deceits: but forgive them, and overlook (their misdeeds): for Allah loveth those who are kind.",,,
5|14,وَمِنَ ٱلَّذِينَ قَالُوٓا۟ إِنَّا نَصَٰرَىٰٓ أَخَذْنَا مِيثَٰقَهُمْ فَنَسُوا۟ حَظًّۭا مِّمَّا ذُكِّرُوا۟ بِهِۦ فَأَغْرَيْنَا بَيْنَهُمُ ٱلْعَدَاوَةَ وَٱلْبَغْضَآءَ إِلَىٰ يَوْمِ ٱلْقِيَٰمَةِ ۚ وَسَوْفَ يُنَبِّئُهُمُ ٱللَّهُ بِمَا كَانُوا۟ يَصْنَعُونَ ١٤,"From those, too, who call themselves Christians, We did take a covenant, but they forgot a good part of the message that was sent them: so we estranged them, with enmity and hatred between the one and the other, to the day of judgment. And soon will Allah show them what it is they have done.",,,
5|15,يَٰٓأَهْلَ ٱلْكِتَٰبِ قَدْ جَآءَكُمْ رَسُولُنَا يُبَيِّنُ لَكُمْ كَثِيرًۭا مِّمَّا كُنتُمْ تُخْفُونَ مِنَ ٱلْكِتَٰبِ وَيَعْفُوا۟ عَن كَثِيرٍۢ ۚ قَدْ جَآءَكُم مِّنَ ٱللَّهِ نُورٌۭ وَكِتَٰبٌۭ مُّبِينٌۭ ١٥,"O people of the Book! There hath come to you our Messenger, revealing to you much that ye used to hide in the Book, and passing over much (that is now unnecessary): There hath come to you from Allah a (new) light and a perspicuous Book, -",,,
5|16,يَهْدِى بِهِ ٱللَّهُ مَنِ ٱتَّبَعَ رِضْوَٰنَهُۥ سُبُلَ ٱلسَّلَٰمِ وَيُخْرِجُهُم مِّنَ ٱلظُّلُمَٰتِ إِلَى ٱلنُّورِ بِإِذْنِهِۦ وَيَهْدِيهِمْ إِلَىٰ صِرَٰطٍۢ مُّسْتَقِيمٍۢ ١٦,"Wherewith Allah guideth all who seek His good pleasure to ways of peace and safety, and leadeth them out of darkness, by His will, unto the light,- guideth them to a path that is straight.",,,
5|17,لَّقَدْ كَفَرَ ٱلَّذِينَ قَالُوٓا۟ إِنَّ ٱللَّهَ هُوَ ٱلْمَسِيحُ ٱبْنُ مَرْيَمَ ۚ قُلْ فَمَن يَمْلِكُ مِنَ ٱللَّهِ شَيْـًٔا إِنْ أَرَادَ أَن يُهْلِكَ ٱلْمَسِيحَ ٱبْنَ مَرْيَمَ وَأُمَّهُۥ وَمَن فِى ٱلْأَرْضِ جَمِيعًۭا ۗ وَلِلَّهِ مُلْكُ ٱلسَّمَٰوَٰتِ وَٱلْأَرْضِ وَمَا بَيْنَهُمَا ۚ يَخْلُقُ مَا يَشَآءُ ۚ وَٱللَّهُ عَلَىٰ كُلِّ شَىْءٍۢ قَدِيرٌۭ ١٧,"In blasphemy indeed are those that say that Allah is Christ the son of Mary. Say: ""Who then hath the least power against Allah, if His will were to destroy Christ the son of Mary, his mother, and all every - one that is on the earth? For to Allah belongeth the dominion of the heavens and the earth, and all that is between. He createth what He pleaseth. For Allah hath power over all things.""",,,
5|18,وَقَالَتِ ٱلْيَهُودُ وَٱلنَّصَٰرَىٰ نَحْنُ أَبْنَٰٓؤُا۟ ٱللَّهِ وَأَحِبَّٰٓؤُهُۥ ۚ قُلْ فَلِمَ يُعَذِّبُكُم بِذُنُوبِكُم ۖ بَلْ أَنتُم بَشَرٌۭ مِّمَّنْ خَلَقَ ۚ يَغْفِرُ لِمَن يَشَآءُ وَيُعَذِّبُ مَن يَشَآءُ ۚ وَلِلَّهِ مُلْكُ ٱلسَّمَٰوَٰتِ وَٱلْأَرْضِ وَمَا بَيْنَهُمَا ۖ وَإِلَيْهِ ٱلْمَصِيرُ ١٨,"(Both) the Jews and the Christians say: ""We are sons of Allah, and his beloved."" Say: ""Why then doth He punish you for your sins? Nay, ye are but men,- of the men he hath created: He forgiveth whom He pleaseth, and He punisheth whom He pleaseth: and to Allah belongeth the dominion of the heavens and the earth, and all that is between: and unto Him is the final goal (of all)""",,,
5|19,يَٰٓأَهْلَ ٱلْكِتَٰبِ قَدْ جَآءَكُمْ رَسُولُنَا يُبَيِّنُ لَكُمْ عَلَىٰ فَتْرَةٍۢ مِّنَ ٱلرُّسُلِ أَن تَقُولُوا۟ مَا جَآءَنَا مِنۢ بَشِيرٍۢ وَلَا نَذِيرٍۢ ۖ فَقَدْ جَآءَكُم بَشِيرٌۭ وَنَذِيرٌۭ ۗ وَٱللَّهُ عَلَىٰ كُلِّ شَىْءٍۢ قَدِيرٌۭ ١٩,"O People of the Book! Now hath come unto you, making (things) clear unto you, Our Messenger, after the break in (the series of) our messengers, lest ye should say: ""There came unto us no bringer of glad tidings and no warner (from evil)"": But now hath come unto you a bringer of glad tidings and a warner (from evil). And Allah hath power over all things.",,,
5|20,وَإِذْ قَالَ مُوسَىٰ لِقَوْمِهِۦ يَٰقَوْمِ ٱذْكُرُوا۟ نِعْمَةَ ٱللَّهِ عَلَيْكُمْ إِذْ جَعَلَ فِيكُمْ أَنۢبِيَآءَ وَجَعَلَكُم مُّلُوكًۭا وَءَاتَىٰكُم مَّا لَمْ يُؤْتِ أَحَدًۭا مِّنَ ٱلْعَٰلَمِينَ ٢٠,"Remember Moses said to his people: ""O my people! Call in remembrance the favour of Allah unto you, when He produced prophets among you, made you kings, and gave you what He had not given to any other among the peoples.",,,
5|21,يَٰقَوْمِ ٱدْخُلُوا۟ ٱلْأَرْضَ ٱلْمُقَدَّسَةَ ٱلَّتِى كَتَبَ ٱللَّهُ لَكُمْ وَلَا تَرْتَدُّوا۟ عَلَىٰٓ أَدْبَارِكُمْ فَتَنقَلِبُوا۟ خَٰسِرِينَ ٢١,"O my people! Enter the holy land which Allah hath assigned unto you, and turn not back ignominiously, for then will ye be overthrown, to your own ruin.",,,
5|22,قَالُوا۟ يَٰمُوسَىٰٓ إِنَّ فِيهَا قَوْمًۭا جَبَّارِينَ وَإِنَّا لَن نَّدْخُلَهَا حَتَّىٰ يَخْرُجُوا۟ مِنْهَا فَإِن يَخْرُجُوا۟ مِنْهَا فَإِنَّا دَٰخِلُونَ ٢٢,"They said: ""O Moses! In this land are a people of exceeding strength: Never shall we enter it until they leave it: if (once) they leave, then shall we enter.""",,,
5|23,قَالَ رَجُلَانِ مِنَ ٱلَّذِينَ يَخَافُونَ أَنْعَمَ ٱللَّهُ عَلَيْهِمَا ٱدْخُلُوا۟ عَلَيْهِمُ ٱلْبَابَ فَإِذَا دَخَلْتُمُوهُ فَإِنَّكُمْ غَٰلِبُونَ ۚ وَعَلَى ٱللَّهِ فَتَوَكَّلُوٓا۟ إِن كُنتُم مُّؤْمِنِينَ ٢٣,"(But) among (their) Allah-fearing men were two on whom Allah had bestowed His grace: They said: ""Assault them at the (proper) Gate: when once ye are in, victory will be yours; But on Allah put your trust if ye have faith.""",,,
5|24,قَالُوا۟ يَٰمُوسَىٰٓ إِنَّا لَن نَّدْخُلَهَآ أَبَدًۭا مَّا دَامُوا۟ فِيهَا ۖ فَٱذْهَبْ أَنتَ وَرَبُّكَ فَقَٰتِلَآ إِنَّا هَٰهُنَا قَٰعِدُونَ ٢٤,"They said: ""O Moses! while they remain there, never shall we be able to enter, to the end of time. Go thou, and thy Lord, and fight ye two, while we sit here (and watch).""",,,
5|25,قَالَ رَبِّ إِنِّى لَآ أَمْلِكُ إِلَّا نَفْسِى وَأَخِى ۖ فَٱفْرُقْ بَيْنَنَا وَبَيْنَ ٱلْقَوْمِ ٱلْفَٰسِقِينَ ٢٥,"He said: ""O my Lord! I have power only over myself and my brother: so separate us from this rebellious people!""",,,
5|26,قَالَ فَإِنَّهَا مُحَرَّمَةٌ عَلَيْهِمْ ۛ أَرْبَعِينَ سَنَةًۭ ۛ يَتِيهُونَ فِى ٱلْأَرْضِ ۚ فَلَا تَأْسَ عَلَى ٱلْقَوْمِ ٱلْفَٰسِقِينَ ٢٦,"Allah said: ""Therefore will the land be out of their reach for forty years: In distraction will they wander through the land: But sorrow thou not over these rebellious people.",,,
5|27,۞ وَٱتْلُ عَلَيْهِمْ نَبَأَ ٱبْنَىْ ءَادَمَ بِٱلْحَقِّ إِذْ قَرَّبَا قُرْبَانًۭا فَتُقُبِّلَ مِنْ أَحَدِهِمَا وَلَمْ يُتَقَبَّلْ مِنَ ٱلْءَاخَرِ قَالَ لَأَقْتُلَنَّكَ ۖ قَالَ إِنَّمَا يَتَقَبَّلُ ٱللَّهُ مِنَ ٱلْمُتَّقِينَ ٢٧,"Recite to them the truth of the story of the two sons of Adam. Behold! they each presented a sacrifice (to Allah): It was accepted from one, but not from the other. Said the latter: ""Be sure I will slay thee."" ""Surely,"" said the former, ""Allah doth accept of the sacrifice of those who are righteous.",,,
5|28,لَئِنۢ بَسَطتَ إِلَىَّ يَدَكَ لِتَقْتُلَنِى مَآ أَنَا۠ بِبَاسِطٍۢ يَدِىَ إِلَيْكَ لِأَقْتُلَكَ ۖ إِنِّىٓ أَخَافُ ٱللَّهَ رَبَّ ٱلْعَٰلَمِينَ ٢٨,"If thou dost stretch thy hand against me, to slay me, it is not for me to stretch my hand against thee to slay thee: for I do fear Allah, the cherisher of the worlds.",,,
5|29,إِنِّىٓ أُرِيدُ أَن تَبُوٓأَ بِإِثْمِى وَإِثْمِكَ فَتَكُونَ مِنْ أَصْحَٰبِ ٱلنَّارِ ۚ وَذَٰلِكَ جَزَٰٓؤُا۟ ٱلظَّٰلِمِينَ ٢٩,"For me, I intend to let thee draw on thyself my sin as well as thine, for thou wilt be among the companions of the fire, and that is the reward of those who do wrong.",,,
5|30,فَطَوَّعَتْ لَهُۥ نَفْسُهُۥ قَتْلَ أَخِيهِ فَقَتَلَهُۥ فَأَصْبَحَ مِنَ ٱلْخَٰسِرِينَ ٣٠,"The (selfish) soul of the other led him to the murder of his brother: he murdered him, and became (himself) one of the lost ones.",,,
5|31,فَبَعَثَ ٱللَّهُ غُرَابًۭا يَبْحَثُ فِى ٱلْأَرْضِ لِيُرِيَهُۥ كَيْفَ يُوَٰرِى سَوْءَةَ أَخِيهِ ۚ قَالَ يَٰوَيْلَتَىٰٓ أَعَجَزْتُ أَنْ أَكُونَ مِثْلَ هَٰذَا ٱلْغُرَابِ فَأُوَٰرِىَ سَوْءَةَ أَخِى ۖ فَأَصْبَحَ مِنَ ٱلنَّٰدِمِينَ ٣١,"Then Allah sent a raven, who scratched the ground, to show him how to hide the shame of his brother. ""Woe is me!"" said he; ""Was I not even able to be as this raven, and to hide the shame of my brother?"" then he became full of regrets-",,,
,,,prophet-isa,divine-protection,"The verse discusses the story of Prophet Isa (Jesus) being raised by Allah, which relates to prophetic stories and divine intervention. The tags 'prophet-isa' and 'divine-protection' capture the essence of the verse and are likely search terms users might employ when looking for verses related to Prophet Isa or divine protection."
,,,people-of-the-book,day-of-judgment,"These tags capture the core elements of the verse, which discusses the People of the Book and their belief in the Prophet before their death, as well as the Prophet's role as a witness against them on the Day of Judgment. They optimize search for users looking for verses related to these themes."
,,,halal-haram,financial-guidance,"The verse discusses the prohibition of certain foods for the Jews due to their iniquity and their hindrance of others from Allah's Way. It also mentions their taking of usury (riba) and consuming people's wealth unjustly. Therefore, the tags 'halal-haram' and 'financial-guidance' accurately capture the core meaning related to dietary laws and financial ethics, supporting natural user search patterns related to Islamic jurisprudence and economic guidance."
,,,riba-interest,financial-justice,"The verse specifically mentions the prohibition of usury (riba) and the wrongful consumption of people's wealth, making 'riba-interest' a highly relevant tag. 'Financial-justice' captures the broader theme of economic ethics and fairness in financial dealings, which is central to the verse's message. These tags optimize search for users looking for guidance on Islamic finance and economic principles."
,,,knowledge-seeking,faith-practice,"The verse highlights the importance of knowledge and faith in practice, mentioning 'those well-grounded in knowledge' and 'believers' who maintain prayer and charity. These tags capture the essence of the verse, connecting it to user queries about seeking knowledge and practicing faith."
,,,prophetic-revelation,messengers-in-islam,"The verse discusses the revelation sent to various prophets, including Muhammad, Noah, Abraham, and others. The tags 'prophetic-revelation' and 'messengers-in-islam' capture this core theme, making it discoverable for users searching for information about prophetic messages and the role of messengers in Islam."
,,,prophetic-messengers,divine-revelation,"These tags capture the essence of the verse which discusses messengers and the revelation sent to them. 'prophetic-messengers' covers the mention of various prophets and messengers, while 'divine-revelation' reflects the idea of Allah sending inspiration and speaking directly to Moses. These tags are relevant for users searching for information about prophets in Islam and the nature of divine communication."
,,,prophetic-mission,divine-guidance,"The verse discusses messengers who gave good news and warning, making 'prophetic-mission' highly relevant. The phrase 'that mankind, after (the coming) of the messengers, should have no plea against Allah' connects to 'divine-guidance', as it highlights Allah's role in sending messengers to guide humanity. These tags capture the essence of the verse and are likely search terms for users seeking understanding of prophetic roles and divine guidance in Islam."
,,,divine-revelation,prophetic-authenticity,"The verse emphasizes Allah's witness to the revelation sent to the Prophet and the angels' testimony, highlighting the authenticity and divine origin of the message. These tags capture the essence of divine revelation and prophetic authenticity, making the verse discoverable for users seeking guidance on the nature of Quranic revelation and the Prophet's role."
,,,disbelief-consequences,obstructing-allah-path,"The verse specifically addresses those who reject faith and obstruct others from Allah's path, making these tags directly relevant. They capture the core warning against disbelief and its consequences, aligning with user search patterns related to the effects of disbelief and the importance of staying on Allah's path."
,,,disbelief-consequences,divine-forgiveness,"The verse discusses the consequences of disbelief and wrongdoing, emphasizing that Allah will not forgive those who reject faith and do wrong. The tags 'disbelief-consequences' and 'divine-forgiveness' capture this meaning, supporting searches related to the consequences of disbelief and the conditions for divine forgiveness."
,,,hell-punishment,disbelief-consequences,"These tags capture the core meaning of the verse, which discusses the consequences of disbelief and the punishment of hell. They support natural user search patterns related to eschatology and the afterlife, maintaining Islamic authenticity while enhancing vector similarity matching for diverse user queries."
,,,belief-in-messengers,divine-guidance,"The verse emphasizes believing in the Messenger sent by Allah, making 'belief-in-messengers' a crucial tag. 'Divine-guidance' captures the essence of the verse as it discusses the guidance brought by the Messenger and the consequences of rejecting or accepting this guidance."
,,,trinity-warning,christology-islamic-view,"These tags capture the verse's warning against excesses in religion, particularly the concept of trinity, and emphasize the Islamic view of Jesus Christ as a messenger of Allah. They optimize search for users seeking guidance on Islamic Christology and the concept of Tawhid (oneness of God)."
,,,faith-reward,divine-mercy,"The verse discusses those who believe in Allah and hold fast to Him, receiving mercy and grace. The tags 'faith-reward' and 'divine-mercy' capture this core meaning, supporting natural user search patterns related to the benefits of faith and Allah's mercy."
,,,inheritance-laws,family-rights,"The verse specifically addresses the distribution of inheritance when someone dies without children or parents, detailing the shares for siblings. The tags 'inheritance-laws' and 'family-rights' capture this core legal and familial content, making it discoverable for users searching for guidance on Islamic inheritance rules and family financial rights."
,,,fulfilling-contracts,halal-food,"The verse emphasizes the importance of fulfilling obligations (العقود) and discusses lawful animals for food, making these tags relevant for search optimization. They capture key concepts related to Islamic law and daily practices."
,,,hajj-pilgrimage,sacred-month-respect,"These tags capture the essence of the verse which discusses the sanctity of pilgrimage rituals and the sacred month. 'hajj-pilgrimage' is relevant as the verse mentions animals brought for sacrifice and people resorting to the sacred house, both related to hajj. 'sacred-month-respect' reflects the verse's instruction not to violate the sanctity of the sacred month, showing respect for sacred times in Islam. These tags optimize search for users looking for guidance on hajj rituals and the importance of respecting sacred periods in Islam."
,,,halal-food,forbidden-foods-in-islam,"These tags capture the core content of the verse which discusses dietary laws in Islam, including forbidden foods and the conditions under which certain foods are permissible. They directly relate to user queries about what is lawful and unlawful to eat according to Islamic teachings."
,,,halal-food,hunting-rules,"The verse discusses what is lawful for Muslims to eat, including the rules for hunting animals trained for this purpose. The tags 'halal-food' and 'hunting-rules' accurately capture the core content and are relevant to user search queries about dietary laws and hunting practices in Islam."
,,,halal-food,interfaith-marriage,"The verse discusses lawful food and marriage rules, including interactions with People of the Book, making these tags relevant for search optimization."
,,,wudu-ablution,tayammum-dry-ablution,"These tags capture the core elements of the verse related to purification rituals before prayer, including both water-based and dry ablution methods, making it discoverable for users searching for guidance on pre-prayer purification practices in Islam."
,,,divine-covenant,remembrance-of-allah,"The verse emphasizes remembering Allah's favor and the covenant made with Him, highlighting the importance of divine remembrance and covenant in Islamic faith. These tags capture the essence of the verse and are likely search terms users might employ when looking for guidance on these topics."
,,,justice-adl,fairness-in-testimony,"The verse emphasizes standing firm for Allah as witnesses to fair dealing and maintaining justice even when there's hatred towards others. The tags 'justice-adl' and 'fairness-in-testimony' capture this core message, making it discoverable for users searching for guidance on justice and fairness in Islam."
,,,faith-reward,forgiveness-reward,"The verse promises forgiveness and a great reward to those who believe and do righteous deeds, making 'faith-reward' and 'forgiveness-reward' highly relevant semantic tags that capture the essence of the verse and align with user search queries related to the benefits of faith and good deeds."
,,,disbelief-consequences,hellfire-punishment,"These tags capture the core meaning of the verse, which warns about the consequences of disbelief and the punishment of hellfire. They support natural user search patterns related to the afterlife and the consequences of rejecting faith, maintaining Islamic authenticity and accuracy."
,,,divine-protection,trust-in-allah,"These tags capture the essence of the verse, which reminds believers of Allah's favor in protecting them from harm and encourages them to fear Allah and put their trust in Him. 'divine-protection' reflects the historical context of Allah holding back hostile hands, while 'trust-in-allah' represents the spiritual guidance to rely on Allah, making these tags relevant for both historical and spiritual search queries."
,,,covenant-with-israel,faith-and-works,"The verse discusses Allah's covenant with the Children of Israel, emphasizing the importance of establishing prayer, giving charity, believing in messengers, and loaning to Allah. The tags 'covenant-with-israel' and 'faith-and-works' capture the essence of this divine agreement and the actions required to fulfill it, making them relevant for users searching for guidance on these topics."
,,,covenant-breach,divine-consequences,"The verse discusses the consequences of breaking a covenant, which is a significant theme. The tags 'covenant-breach' and 'divine-consequences' capture this essence, making it discoverable for users searching for related guidance."
,,,christian-community,interfaith-relations,The verse discusses the covenant with those who call themselves Christians and the consequences of forgetting their religious teachings. The tags 'christian-community' and 'interfaith-relations' capture the essence of the verse by highlighting its relevance to Christian-Muslim relations and the internal dynamics within the Christian community as described in the Quran.
,,,people-of-the-book,messenger-revelation,These tags capture the essence of the verse which addresses the People of the Book and the coming of the Messenger with clear revelation. They optimize search for users looking for guidance on interfaith relations and prophetic messages.
,,,divine-guidance,spiritual-growth,"The verse discusses Allah's guidance for those who seek His pleasure, leading them to paths of peace and safety, and out of darkness into light. The tags 'divine-guidance' and 'spiritual-growth' capture this core meaning, supporting natural user search patterns related to seeking guidance and spiritual development in Islam."
,,,christian-belief-refutation,divine-sovereignty,"The verse refutes the Christian belief that Jesus is Allah, emphasizing Allah's omnipotence and sovereignty over all creation. These tags capture the theological discussion and the assertion of divine power, making the verse discoverable for users exploring Islamic perspectives on Christianity and divine attributes."
,,,people-of-the-book,divine-sovereignty,"The verse discusses the claims of Jews and Christians about being sons of Allah and His beloved, and counters with the concept of divine sovereignty and justice. The tags 'people-of-the-book' and 'divine-sovereignty' capture the essence of the verse, relating to both the historical context and the theological implications. These tags would be relevant for users searching for Quranic guidance on interfaith dialogue, divine attributes, and the accountability of believers."
,,,people-of-the-book,prophetic-continuity,"These tags capture the essence of the verse which addresses the People of the Book and the arrival of a Messenger after a break in prophetic continuity. 'people-of-the-book' is a direct reference to the audience being addressed, while 'prophetic-continuity' reflects the verse's theme of maintaining the chain of prophetic guidance. These tags optimize search for users looking for verses related to the relationship between Muslims and other Abrahamic faiths, as well as those interested in the continuity of prophetic message in Islam."
,,,prophetic-guidance,divine-favor,"The verse mentions Moses reminding his people of Allah's favor by producing prophets among them and making them kings. The tags 'prophetic-guidance' and 'divine-favor' capture this core message, connecting to user search patterns related to prophetic stories and divine blessings."
,,,holy-land-entry,divine-promise,"These tags capture the essence of the verse which discusses the Israelites being commanded to enter the holy land promised by Allah. 'holy-land-entry' directly relates to the action mentioned in the verse, while 'divine-promise' connects to the theological concept of Allah's assignment and promise to the people. These tags optimize search for users looking for guidance on faith, obedience, and divine promises."
,,,faith-in-adversity,community-courage,"These tags capture the essence of the verse where the Israelites show lack of faith and courage in the face of adversity. 'faith-in-adversity' reflects the spiritual challenge presented, while 'community-courage' highlights the social aspect of standing firm together. Both tags are relevant for users searching for guidance on maintaining faith during difficult times and understanding community dynamics in Islamic context."
,,,faith-in-action,trust-in-allah,"These tags capture the essence of the verse which emphasizes taking action (assaulting the gate) while trusting in Allah. 'faith-in-action' combines the practical aspect of entering the gate with the faith required to do so, while 'trust-in-allah' directly reflects the verse's instruction to put trust in Allah if they are believers. These tags bridge the verse's content with user queries related to balancing action and faith, and seeking guidance on trust in Allah during challenging situations."
,,,faith-courage,divine-trust,"These tags capture the essence of the verse which discusses the Israelites' lack of faith and courage to enter the holy land, and Moses' reliance on divine trust. 'faith-courage' represents the moral and behavioral guidance aspect, while 'divine-trust' represents the spiritual development and reliance on Allah's power."
,,,divine-guidance,spiritual-growth,"The verse contains a dialogue between Moses and Allah, showcasing divine guidance and the importance of spiritual growth through trust in Allah during challenging situations. The tags 'divine-guidance' and 'spiritual-growth' capture the essence of the verse and are likely search terms users might employ when seeking guidance on faith and trust in Allah."
,,,divine-punishment,spiritual-wandering,"These tags capture the essence of the verse which discusses Allah's punishment of the Israelites by making the land forbidden to them for forty years, causing them to wander. 'divine-punishment' reflects the consequence of their disobedience, while 'spiritual-wandering' conveys the state of being lost and disconnected from their spiritual destination. These tags are relevant for users searching for guidance on the consequences of disobedience and the importance of faithfulness."
,,,brotherly-conflict,righteousness-reward,"These tags capture the essence of the verse which narrates the story of the two sons of Adam and highlights the importance of righteousness. 'brotherly-conflict' reflects the tension between the two brothers, while 'righteousness-reward' conveys the divine acceptance of the righteous offering, optimizing search for themes related to family dynamics and moral guidance."
,,,fear-of-allah,non-violence-in-face-of-aggression,"These tags capture the essence of the verse where one brother fears Allah and refuses to retaliate against his brother's aggression. They reflect both the spiritual dimension of 'fear-of-allah' and the practical guidance on 'non-violence-in-face-of-aggression', making the verse discoverable for users seeking guidance on moral behavior and conflict resolution."
,,,brotherhood-conflict,envy-jealousy,"The verse discusses the story of the two sons of Adam, where one son's jealousy leads to a threat of murder. The tags 'brotherhood-conflict' and 'envy-jealousy' capture the essence of the verse, relating to family issues and moral guidance. These tags are relevant for users searching for guidance on sibling rivalry, family conflicts, and the dangers of envy."
,,,murder-consequences,brotherhood-violence,"These tags capture the essence of the verse which discusses the story of the two sons of Adam and the consequences of violence between brothers. 'murder-consequences' relates to the outcome of the brother's actions, while 'brotherhood-violence' connects to the familial relationship and the act of violence committed."
,,,regret-after-sin,lessons-from-prophets,"The verse tells the story of Cain and Abel, focusing on regret after committing a sin. The raven's action teaches how to hide the brother's body, leading to Cain's remorse. These tags capture the essence of learning from prophetic stories and the importance of regret in Islam."
